범죄분류,서울_종로,서울_중구,서울_용산,서울_성동,서울_광진,서울_동대문,서울_중랑,서울_성북,서울_강북,서울_도봉,서울_노원,서울_은평,서울_서대문,서울_마포,서울_양천,서울_강서,서울_구로,서울_금천,서울_영등포,서울_동작,서울_관악,서울_서초,서울_강남,서울_송파,서울_강동,부산_중구,부산_서구,부산_동구,부산_영도,부산_부산진,부산_동래,부산_남구,부산_북구,부산_해운대,부산_사하,부산_금정,부산_강서,부산_연제,부산_수영,부산_사상,부산_기장군,대구_중구,대구_동구,대구_서구,대구_남구,대구_북구,대구_수성,대구_달서,대구_달성군,인천_중구,인천_동구,인천_서구,인천_미추홀,인천_연수,인천_남동,인천_부평,인천_계양,인천_강화군,인천_옹진군,광주_동구,광주_서구,광주_남구,광주_북구,광주_광산,대전_중구,대전_동구,대전_서구,대전_유성,대전_대덕,울산_중구,울산_동구,울산_남구,울산_북구,울산_울주군,부천,수원,성남,전주,안양,청주,창원,광명,포항,안산,진주,고양,제주,목포,의정부,익산,군산,구미,천안,여수,춘천,원주,평택,경주,김해,순천,군포,남양주,강릉,충주,안동,경산,아산,거제,김천,정읍,용인,시흥,파주,양산,이천,구리,서산,제천,논산,기타 도시,도시이외
절도,1488,1858,1133,998,1767,1453,1527,1162,1116,785,1414,1275,1061,2023,1384,1729,1724,1020,2287,1153,2171,1866,3022,2356,1516,939,720,592,327,2357,1050,824,792,1347,1042,943,484,799,791,998,408,1140,1311,669,540,1161,977,1720,685,626,138,1376,1527,841,1638,2421,755,133,29,602,1161,608,1429,1060,1030,1010,1755,1111,651,746,549,1036,449,569,3721,5398,3130,2227,1669,3340,3386,1028,1704,3029,1726,2269,2133,996,1725,982,1027,1368,3267,810,881,1068,2064,838,2409,745,661,1282,661,771,409,983,1166,797,366,314,2204,1714,1115,985,782,833,599,314,464,14421,8523
장물,12,11,8,2,10,5,7,5,3,17,7,5,5,16,4,3,7,10,7,5,10,6,16,7,4,36,2,19,5,47,14,18,28,22,26,10,9,11,14,28,4,6,6,9,2,6,1,11,3,23,0,13,9,2,7,7,4,0,0,5,6,3,9,4,2,8,12,5,0,2,1,7,3,0,19,26,19,5,9,8,10,3,7,14,22,9,3,3,7,4,1,1,9,3,1,3,11,1,9,0,4,1,1,2,0,1,0,1,2,2,4,7,7,2,4,0,2,0,0,45,12
사기,1761,2206,1535,1493,1703,1665,1497,1380,1591,1149,1888,1669,1548,2111,1435,2494,2141,1417,3334,1488,2536,4882,8317,2919,1726,1385,586,1338,586,2731,1288,2051,1575,2366,1641,1633,903,1619,828,1729,741,1265,1639,1060,947,1818,2195,2687,680,1260,261,2618,2373,1434,3146,2464,1547,228,84,802,2189,753,1935,1970,1564,1401,2706,1438,977,1255,858,2307,700,1156,5726,6929,4222,3219,2663,4579,5736,1327,2999,3970,1746,4877,3378,1780,2309,1515,2181,2845,4149,1218,1231,1870,3822,1994,3238,1883,1049,2090,924,963,829,877,1484,1340,581,486,3278,2614,2312,1862,977,907,880,680,770,29401,14254
횡령,664,709,693,441,549,482,530,443,401,314,499,401,494,918,459,642,613,386,895,526,685,1051,1681,1539,454,188,56,147,83,773,209,182,167,470,233,221,171,241,143,216,194,288,418,150,196,337,311,476,106,406,55,582,595,257,544,687,240,64,8,290,313,135,386,406,314,241,446,270,117,123,116,335,86,158,1298,1599,1092,455,851,755,783,370,281,980,163,1495,531,253,680,159,208,268,750,245,214,267,604,231,484,952,250,552,137,142,102,173,277,305,71,49,882,514,395,220,218,243,133,94,95,4678,2055
배임,61,75,40,32,30,35,18,26,23,24,25,24,44,52,25,51,45,40,90,22,27,142,283,122,43,9,14,23,11,41,26,29,14,54,34,20,14,28,6,25,17,6,25,15,7,19,48,40,9,35,7,52,41,29,35,29,19,13,2,30,35,15,37,18,14,8,40,24,9,5,6,50,9,28,53,81,87,71,50,93,80,7,49,80,22,71,62,26,29,28,26,34,58,415,24,28,84,40,68,22,21,42,12,11,10,8,32,39,14,8,84,33,48,33,22,13,23,22,14,718,370
손괴,327,306,357,240,432,277,553,328,285,323,539,447,353,558,438,584,514,293,618,313,543,463,731,574,505,118,123,109,118,479,249,278,258,330,350,220,85,222,225,228,149,206,416,352,260,378,393,549,158,169,71,589,663,261,682,696,341,91,12,170,314,199,379,365,266,261,523,235,215,277,235,407,139,206,1184,1761,1006,448,656,1154,970,301,581,1039,312,905,864,386,599,338,321,406,937,373,332,487,907,263,567,307,252,622,338,249,157,337,356,204,165,91,727,685,504,250,318,281,267,146,122,5706,2887
살인,7,2,1,2,7,5,4,8,8,1,5,8,5,6,2,11,8,5,20,2,10,5,12,5,3,1,3,0,5,1,3,3,6,3,4,4,2,5,5,6,3,1,11,3,4,3,2,7,2,2,1,9,6,2,9,11,3,1,0,0,4,4,7,7,6,0,5,3,1,1,3,5,2,0,13,16,17,16,6,22,22,2,14,14,6,13,11,4,9,5,5,6,8,9,3,3,9,5,11,4,3,8,2,2,0,3,9,5,1,3,12,9,9,5,2,4,1,3,5,106,73
강도,3,11,3,3,3,5,3,1,7,4,5,1,3,6,4,6,9,5,8,7,12,5,14,6,6,2,6,4,2,17,6,5,3,3,8,8,1,7,5,8,2,3,11,3,5,3,8,14,1,4,0,7,8,3,0,12,3,0,0,2,3,1,12,9,15,10,14,6,6,4,4,10,2,6,20,20,16,11,3,18,19,7,6,10,5,7,9,10,10,6,3,7,19,4,4,2,14,7,10,2,1,3,3,2,1,4,7,3,4,0,1,10,5,4,0,5,0,4,1,83,35
방화,9,15,12,7,6,12,8,10,10,7,12,23,10,5,14,18,15,8,17,11,19,10,11,11,12,5,4,8,0,12,7,10,11,6,10,12,0,6,2,11,4,2,12,9,3,10,5,22,6,4,1,16,12,4,16,12,11,1,0,7,4,2,10,6,10,13,10,3,7,4,4,7,5,9,26,34,17,12,14,29,23,6,6,21,7,24,13,6,19,10,14,7,26,8,6,9,26,7,16,7,3,21,7,4,1,10,11,8,7,2,23,13,11,9,8,0,6,8,9,153,124
성폭력,345,329,401,192,347,221,223,284,248,165,271,280,260,718,173,389,373,255,547,396,504,615,973,493,220,69,42,72,59,373,115,149,90,251,141,121,60,111,121,149,53,215,178,80,74,186,163,305,77,151,24,317,338,159,457,486,173,21,10,93,248,82,262,182,195,189,440,187,99,75,74,225,59,93,580,875,641,372,396,451,395,164,256,545,142,524,381,170,302,118,110,180,380,130,119,201,341,104,220,158,123,252,147,103,79,132,166,136,55,43,379,289,191,127,123,128,74,74,57,2427,1629
폭행,1300,1311,1371,818,1093,1505,1560,1075,1461,778,1407,1256,876,1669,1317,1569,1868,1108,1992,1015,1883,1499,2364,1968,1356,459,286,485,364,1922,818,600,767,1110,872,573,230,702,580,637,346,792,1100,766,594,1154,729,1452,417,679,267,1909,1945,765,2205,2780,1282,214,52,625,1540,493,1295,1191,1470,977,1816,964,609,626,636,1688,374,536,2968,4819,3095,1725,1974,2610,2984,1015,1298,2772,838,3146,2097,1042,2200,1000,852,913,2155,1248,669,1192,2242,528,1679,776,745,1747,856,423,419,835,1073,523,320,249,1980,1587,1047,643,928,990,513,297,303,14454,6619
상해,209,229,173,153,225,152,283,162,201,146,242,250,183,272,123,259,266,152,298,157,223,217,442,367,215,171,112,182,134,621,241,230,270,359,342,207,152,288,237,316,195,322,366,254,203,410,360,588,221,179,55,249,319,225,384,399,121,78,25,144,263,157,323,287,191,189,358,195,164,240,163,424,153,254,520,790,660,649,392,762,1079,180,590,485,357,534,604,302,268,236,306,308,591,290,316,361,649,244,572,355,116,356,264,213,203,231,373,320,162,125,336,313,338,308,232,164,255,121,120,4872,3925
협박,92,85,85,90,113,143,121,88,139,70,152,107,73,137,107,155,168,115,185,96,168,148,219,218,106,23,33,51,34,154,52,64,86,153,89,90,42,78,60,97,43,36,118,63,58,125,112,189,56,56,33,184,177,80,229,213,110,18,4,38,99,48,116,83,118,106,185,113,96,58,45,111,38,52,335,562,385,180,238,320,314,96,90,409,94,326,290,132,207,91,85,90,244,122,89,125,277,41,149,93,82,179,67,51,58,94,129,91,41,34,247,202,146,90,106,91,65,37,41,1893,1153
공갈,26,24,26,30,30,31,32,25,30,27,22,39,33,36,21,42,31,26,43,68,36,58,111,31,39,12,22,13,10,58,19,25,29,42,31,22,15,40,27,55,30,12,29,8,15,30,53,39,17,23,8,53,86,44,71,62,30,6,0,14,27,14,27,41,36,37,45,25,16,15,12,39,9,16,116,142,70,51,40,80,68,25,55,59,31,89,60,27,34,16,24,61,75,27,18,23,39,14,70,30,7,59,14,14,13,21,15,21,10,7,41,40,43,21,16,19,29,12,4,486,261
약취와 유인,1,0,2,1,0,2,8,0,0,1,3,2,1,5,1,4,4,1,9,1,2,0,3,0,2,0,0,0,0,2,0,2,1,0,1,0,0,2,0,1,2,1,1,0,0,1,1,0,1,1,0,4,2,2,2,3,0,1,0,0,1,2,0,0,1,1,0,1,0,0,0,0,1,1,4,4,3,1,3,3,4,3,3,1,0,4,3,1,1,1,1,3,1,1,1,1,4,0,3,1,3,0,0,1,0,0,3,1,1,1,5,3,2,0,1,2,0,0,0,18,11
체포와 감금,12,10,8,1,10,5,13,7,13,7,6,11,4,8,5,25,10,11,11,3,13,16,29,10,4,3,4,4,2,16,4,9,4,12,6,10,0,4,5,7,10,1,14,6,2,12,11,14,4,4,0,40,27,2,25,26,12,2,0,2,19,6,8,15,8,7,16,4,7,2,5,12,2,7,20,42,18,15,17,36,33,5,14,27,4,26,20,11,26,6,12,11,34,5,2,11,22,6,7,11,3,23,6,4,1,5,16,6,3,3,22,8,17,8,10,3,2,8,5,146,80
"폭력행위등(손괴,강요,주거침입등)",14,3,2,4,5,4,5,2,2,4,6,6,3,14,5,8,8,6,12,5,10,5,18,3,3,0,0,1,1,3,2,1,1,10,0,1,1,2,3,1,1,2,2,1,3,7,3,5,3,1,2,34,8,6,3,10,5,0,0,2,2,4,7,4,4,4,5,5,1,2,2,5,1,4,15,18,12,13,8,2,14,4,5,12,1,8,9,5,4,5,3,3,18,5,4,8,8,3,1,8,1,9,8,3,1,5,9,2,5,1,4,1,12,4,8,6,2,1,4,101,54
"폭력행위 등(단체 등의 구성,활동)",1,0,2,0,0,0,0,1,0,0,1,1,0,2,0,0,1,0,1,1,0,0,1,2,3,1,0,1,0,2,0,0,1,2,0,1,0,0,0,1,2,0,1,1,0,1,0,0,0,0,1,1,1,6,0,1,0,0,0,0,4,0,8,4,0,0,0,0,0,0,0,1,0,0,0,2,4,28,1,16,1,0,0,6,2,3,1,0,0,3,8,0,0,0,9,0,1,1,2,0,0,1,0,0,0,0,0,0,0,0,0,6,1,3,0,0,0,0,0,4,3
통화,22,109,10,7,12,17,15,16,6,5,14,8,11,17,8,15,9,2,23,6,12,25,45,28,13,6,0,0,0,7,3,5,0,9,6,5,2,2,1,1,1,9,1,2,1,10,11,8,3,37,1,10,10,8,14,13,1,2,0,2,11,1,14,8,19,4,27,4,3,1,2,0,0,2,16,26,35,4,28,7,2,3,3,12,4,28,7,5,8,6,2,7,7,4,6,7,14,6,2,1,1,8,0,6,3,4,3,0,0,0,21,8,9,2,6,9,4,4,4,67,52
"유가증권,인지,우표",2,2,2,1,2,7,0,0,0,3,1,2,0,2,0,0,2,1,12,1,4,11,21,3,4,0,2,0,0,0,1,1,0,2,3,1,3,0,0,0,1,0,1,1,1,3,42,3,1,0,0,6,2,1,1,2,1,0,0,0,0,0,0,0,0,0,2,0,0,3,1,3,0,0,1,5,4,0,2,4,0,0,0,4,0,5,1,1,1,0,1,0,0,0,1,1,0,1,2,0,0,1,0,0,0,0,0,0,0,0,2,2,2,3,1,0,0,0,1,20,9
문서,117,111,78,92,90,90,69,60,53,80,105,81,100,166,108,138,133,62,161,69,91,525,363,203,113,46,25,37,37,158,77,58,37,110,78,57,38,118,45,51,20,60,91,65,78,89,152,125,35,58,13,93,174,47,99,103,49,19,2,163,115,35,98,76,68,52,180,74,41,39,27,145,27,46,157,276,212,200,143,292,229,47,104,228,79,216,742,74,120,69,89,64,192,66,78,71,175,55,105,70,33,88,53,40,44,57,44,72,31,25,138,94,89,62,42,32,52,48,50,1543,1295
인장,30,1,1,4,2,3,3,3,6,1,4,0,7,5,5,7,2,5,7,3,3,10,16,7,3,2,0,2,1,3,2,0,2,2,3,3,3,3,2,1,2,1,1,1,1,4,6,1,4,3,1,5,5,0,5,5,3,0,0,6,4,3,2,6,1,2,10,1,2,1,0,5,1,1,3,10,6,5,2,2,7,0,1,7,0,11,3,2,2,1,12,4,7,2,5,1,153,0,4,4,0,3,2,0,0,5,3,0,0,2,7,5,1,6,0,1,1,0,1,512,146
직무유기,18,9,11,5,9,7,6,4,5,17,7,10,10,16,32,12,16,11,18,8,4,68,20,51,5,4,1,7,1,12,3,2,6,13,4,2,8,19,2,20,5,1,9,1,0,4,12,16,14,6,1,2,21,6,7,2,2,1,0,76,7,0,38,7,3,2,20,8,1,4,2,6,0,3,6,31,23,29,11,21,35,2,30,21,9,10,28,8,17,2,9,3,15,11,14,12,11,13,17,9,0,5,3,3,21,2,1,0,1,8,5,16,2,2,0,5,1,3,2,181,130
직권남용,38,17,14,5,15,14,4,5,7,12,9,10,14,25,25,13,20,11,49,5,15,122,24,42,8,5,2,5,2,11,6,4,7,26,18,4,16,8,1,31,4,4,8,2,1,1,23,11,8,3,0,4,24,3,15,1,4,0,0,22,5,4,31,9,6,14,15,3,3,2,5,4,0,3,17,48,22,42,22,12,29,3,21,48,17,18,32,28,13,2,9,2,11,5,15,7,5,3,8,7,5,7,9,4,19,2,1,3,3,7,5,6,7,4,2,5,1,1,2,242,143
수뢰,17,14,5,2,0,9,1,1,0,2,6,2,1,1,6,3,3,2,27,6,1,22,25,10,6,2,6,6,2,5,5,36,1,4,4,2,10,0,0,2,3,7,4,5,0,1,10,5,0,2,0,3,5,3,1,2,0,0,0,9,1,0,3,1,3,2,6,5,1,0,0,3,1,2,18,6,8,15,4,7,12,1,2,3,2,11,9,13,3,4,3,3,11,4,2,13,4,2,2,3,11,6,1,3,5,2,3,9,0,0,5,3,7,3,0,0,0,0,2,115,72
증뢰,8,3,2,0,2,6,0,0,0,1,2,0,3,0,3,1,1,0,11,0,1,11,17,5,1,0,1,4,0,0,1,0,0,4,0,0,5,0,0,0,2,1,1,1,0,0,2,3,0,0,0,0,3,2,1,0,0,0,0,0,1,2,1,0,0,0,2,1,0,0,0,2,1,0,7,3,4,9,2,3,5,0,0,0,1,7,0,4,0,1,0,0,2,0,0,3,4,0,2,1,2,2,1,3,1,1,0,7,0,1,0,0,2,0,0,0,0,0,1,54,20
도박과 복표,28,16,21,22,20,23,57,16,20,20,39,22,27,19,35,55,19,21,45,14,30,31,125,38,47,24,94,20,17,29,207,397,15,97,17,69,15,149,7,52,9,11,27,28,26,47,36,55,23,29,10,45,50,18,40,41,23,10,1,7,33,15,51,25,22,27,61,16,8,31,16,35,10,24,92,124,86,67,45,68,85,31,72,70,15,86,79,52,78,35,44,35,60,41,30,40,61,47,120,18,13,43,8,16,22,23,35,26,18,6,72,35,43,16,28,28,16,19,10,607,480
신앙,1,1,0,0,0,1,0,0,1,0,0,1,2,1,0,8,2,0,3,2,0,2,6,1,12,0,0,0,0,1,0,1,0,1,0,2,0,0,0,0,1,0,1,1,0,0,0,0,0,0,0,3,0,0,1,3,1,5,0,0,0,2,0,2,0,1,0,0,0,0,0,0,0,1,0,24,3,18,2,4,1,1,2,3,4,5,5,1,0,2,5,2,3,3,2,1,2,7,1,2,2,2,8,0,9,2,3,2,3,2,3,2,7,0,5,4,0,1,1,53,91
기타 음란행위,15,10,19,22,21,15,29,26,21,7,22,23,17,25,20,42,33,14,58,15,31,28,26,31,27,3,2,11,3,29,13,11,14,23,12,12,3,8,7,8,2,3,7,11,7,14,19,25,5,8,6,23,49,12,33,40,17,3,0,8,20,7,15,27,33,20,55,15,9,10,1,24,4,14,76,91,62,24,41,39,36,21,8,89,19,55,46,12,20,9,12,13,47,10,7,30,35,10,13,12,11,39,5,4,5,14,22,9,3,0,30,32,14,9,12,16,4,5,4,206,66
과실치사상,25,19,23,15,18,24,37,19,21,17,33,26,15,27,20,25,22,8,30,15,34,33,53,30,22,6,6,8,5,29,19,18,12,31,21,16,6,13,14,8,4,17,18,11,14,21,19,32,10,17,9,35,17,23,36,43,16,2,1,5,14,16,27,12,21,9,20,12,9,9,7,15,4,11,46,77,50,24,24,38,44,19,10,23,8,58,45,9,26,10,5,4,29,13,17,38,36,8,29,9,5,33,30,15,10,13,16,10,5,5,34,16,31,19,17,15,9,6,8,256,195
업무상 과실치사상,23,19,18,13,17,17,20,22,13,5,21,10,16,17,20,30,21,12,22,16,25,39,70,34,24,3,17,13,14,25,18,21,7,20,24,16,20,17,18,12,13,19,12,13,12,24,11,30,16,30,3,39,22,14,39,21,13,11,41,13,13,11,24,20,7,12,20,18,11,2,16,28,4,17,39,68,35,38,28,64,55,10,38,33,18,71,78,13,38,9,27,25,36,61,25,28,55,18,31,21,9,49,26,16,7,17,24,28,12,6,44,35,30,29,14,13,7,11,12,493,389
실화,21,13,10,9,6,4,16,8,12,7,23,14,10,8,7,23,5,10,8,9,7,32,25,29,9,8,12,3,3,18,3,16,7,4,17,11,8,6,14,5,10,2,10,5,6,12,11,11,3,5,2,17,10,6,18,8,10,6,2,4,10,9,29,11,9,14,15,22,6,4,2,7,11,8,33,68,18,19,19,49,17,15,14,28,8,38,38,12,14,20,9,18,39,25,11,16,32,9,10,4,12,48,5,16,5,32,26,6,10,4,33,27,32,9,9,2,5,13,15,517,225
명예,282,276,159,224,225,239,167,216,299,273,251,226,256,366,307,394,295,134,351,214,297,573,599,375,173,90,62,94,60,327,156,184,206,270,250,171,83,158,124,188,101,131,162,105,93,171,224,248,123,81,29,221,175,148,294,281,187,24,7,110,160,103,203,135,115,90,293,157,75,89,71,183,47,79,551,819,564,333,308,395,537,160,210,353,168,532,341,209,228,150,178,196,392,136,141,134,305,90,249,151,131,219,97,88,84,102,117,112,51,79,346,156,219,201,85,84,112,48,59,2747,1551
권리행사 방해,38,56,56,62,63,87,77,50,76,83,68,75,49,62,77,121,66,74,194,47,83,113,224,117,70,39,28,30,40,125,52,70,64,110,79,48,46,61,26,66,44,30,84,53,37,96,82,99,23,34,19,171,182,58,127,136,64,15,5,41,119,56,131,96,83,81,152,115,75,45,32,88,33,57,171,323,177,216,103,275,263,49,143,275,56,221,109,102,106,69,143,132,262,68,56,112,170,83,178,59,35,127,61,54,47,51,111,90,26,38,153,111,123,93,62,45,61,48,48,1625,1017
신용업무 경매,276,239,176,119,156,250,289,152,217,113,155,163,179,240,176,296,252,171,365,134,388,260,426,289,214,54,43,98,58,235,125,93,101,166,138,73,30,107,84,91,52,60,154,144,53,109,130,218,34,87,18,1035,260,95,235,329,145,32,2,106,163,56,169,121,154,93,160,87,40,86,69,223,43,85,516,708,500,156,284,350,296,160,147,417,107,402,421,145,276,62,71,110,245,140,66,134,284,69,200,78,130,281,104,53,66,127,101,83,62,28,239,226,221,126,138,120,67,45,47,1957,1026
주거 침입,75,69,126,65,110,105,146,84,92,47,98,88,103,124,103,146,134,74,128,106,224,139,260,163,96,23,23,29,15,131,51,60,55,156,62,54,20,57,57,54,34,28,98,66,52,81,75,114,18,36,19,115,135,34,113,122,65,17,5,35,76,31,104,65,72,81,126,39,53,56,33,100,25,34,234,385,221,126,129,242,219,61,80,288,87,212,515,73,135,54,95,84,201,93,80,198,227,49,96,71,46,137,52,58,35,96,97,81,29,15,177,140,92,51,73,58,44,28,26,1397,805
비밀침해,1,0,0,0,0,0,1,2,0,0,0,0,0,5,1,1,1,1,1,1,0,4,5,1,0,0,0,0,0,0,0,1,1,1,2,0,1,1,0,1,0,0,0,0,1,0,0,0,0,0,0,0,0,1,0,0,0,0,0,1,0,0,1,0,0,0,0,1,1,0,1,1,0,1,2,3,7,3,1,5,1,1,0,3,0,4,0,0,0,1,0,0,2,0,0,1,2,3,0,4,0,0,0,0,0,0,0,0,0,0,3,0,0,0,0,0,1,0,0,16,7
유기,2,0,1,0,0,1,3,1,2,3,1,1,0,0,3,10,0,1,1,0,169,1,4,2,0,0,0,0,0,1,0,0,1,2,0,2,1,0,1,1,0,0,0,0,1,1,0,1,1,0,0,4,5,0,0,1,1,1,0,1,3,7,2,0,1,0,2,3,2,0,0,0,0,0,3,3,1,1,1,3,7,1,0,0,1,1,0,0,0,1,0,1,3,0,3,1,0,1,0,0,0,1,1,1,0,2,4,2,1,0,3,0,1,2,0,0,0,1,2,12,15
교통방해,2,8,2,3,6,5,5,6,1,4,4,3,6,5,2,3,3,1,9,2,3,6,4,0,1,0,2,1,2,2,4,0,0,8,6,2,2,2,2,2,8,2,6,2,1,3,2,6,1,6,1,5,7,1,2,2,6,10,6,2,5,6,5,6,5,3,3,2,0,4,3,2,4,11,13,14,11,7,6,32,11,8,11,6,3,16,29,5,2,11,6,4,15,15,8,15,22,9,7,7,1,29,10,11,5,2,12,12,10,10,16,6,8,4,8,3,5,3,4,251,459
공무방해,117,87,103,49,105,110,97,71,130,41,65,79,67,127,79,156,94,96,137,48,149,165,158,159,83,36,20,34,23,130,68,55,48,108,76,51,28,68,51,65,16,57,93,73,42,79,80,130,18,65,16,100,121,50,108,99,48,7,3,33,77,22,62,55,75,77,113,64,31,41,37,116,30,67,244,243,148,84,87,220,253,41,92,122,68,160,255,82,98,34,52,78,153,58,110,92,185,56,133,52,49,78,58,39,40,65,60,80,16,26,93,81,54,93,32,54,47,26,23,1035,582
도주와 범인 은닉,0,9,0,0,2,3,3,2,2,1,1,3,0,4,1,5,2,1,2,1,3,4,10,3,2,1,2,0,0,8,7,0,4,7,4,0,0,3,3,5,0,0,0,0,0,2,6,7,3,2,0,3,2,2,0,0,0,1,0,0,0,3,4,3,5,1,6,5,1,1,4,9,1,3,2,9,4,4,1,7,9,0,4,0,4,3,3,3,5,2,2,5,12,3,4,8,7,0,3,10,0,1,8,2,0,3,3,1,1,0,1,0,1,0,1,1,0,2,0,78,31
위증과 증거인멸,6,5,7,3,20,5,2,3,6,90,6,1,4,60,100,12,8,8,13,6,3,378,31,57,4,1,2,1,2,6,7,3,4,42,5,1,12,142,2,2,1,0,0,3,0,3,175,31,3,0,1,3,123,0,4,3,3,1,0,118,2,1,8,0,2,0,106,4,1,1,0,42,2,5,46,171,74,77,48,55,105,3,22,50,31,49,34,27,97,5,21,5,40,3,44,20,24,4,11,50,0,2,15,12,15,2,1,2,22,10,6,4,4,6,0,2,27,22,15,231,105
무고,56,38,40,33,51,50,39,28,45,76,45,31,21,78,89,41,42,19,58,33,32,267,153,91,21,12,10,11,11,49,31,39,23,76,38,30,27,60,12,35,23,21,30,20,12,18,62,67,20,27,6,22,116,21,34,45,14,10,1,57,28,16,28,19,20,17,79,25,13,10,6,44,5,18,80,158,109,85,62,91,96,21,48,93,50,93,73,33,88,15,48,30,76,29,37,33,51,26,40,43,13,36,27,23,24,10,22,21,18,16,57,32,39,24,14,9,30,20,27,709,375
공안을 해하는 죄,0,1,3,0,0,0,2,0,0,1,0,1,0,1,0,0,1,0,1,1,0,0,0,1,1,0,0,0,0,0,0,0,0,0,0,0,0,0,0,0,0,0,2,1,1,0,5,0,0,0,0,5,4,3,0,1,0,0,0,0,1,1,0,0,0,0,0,1,0,1,0,0,0,0,0,2,1,0,1,0,1,0,0,3,0,0,1,0,0,0,1,0,0,0,0,0,0,0,1,0,0,0,0,0,0,0,0,0,0,0,0,2,0,0,0,0,0,0,1,48,5
내란의 죄,10,0,0,0,0,0,0,1,0,0,0,0,0,0,0,0,0,0,1,0,0,1,2,0,0,0,0,0,0,1,0,0,0,0,0,0,0,0,0,0,0,0,0,0,0,0,0,0,0,0,0,0,0,0,0,0,0,0,0,1,0,0,0,0,0,0,0,0,0,0,0,0,0,0,0,0,0,0,0,0,0,0,0,0,0,0,0,0,0,0,0,0,0,0,1,0,0,0,0,0,0,0,0,0,0,0,0,0,0,0,0,0,0,0,0,0,0,0,0,6,1
음용수에 관한 죄,0,0,0,0,0,0,0,0,0,0,0,0,0,0,0,0,0,0,0,1,0,0,0,0,0,0,0,0,0,0,0,0,0,0,0,0,0,0,0,0,0,0,0,0,0,0,0,0,0,0,0,0,0,0,0,2,0,0,0,0,0,0,0,0,0,0,0,0,1,0,0,0,0,0,0,0,0,0,0,0,2,0,0,0,0,0,0,0,0,1,0,0,0,0,0,0,0,0,0,0,0,0,0,0,0,0,0,0,1,0,0,0,0,0,0,0,0,0,0,0,9
일수와 수리에 관한 죄,0,0,0,0,0,0,0,0,0,0,0,0,0,0,0,0,0,0,0,0,0,0,0,0,0,0,0,0,0,0,0,0,0,0,0,0,0,0,0,0,0,0,0,0,0,0,0,0,0,0,0,0,0,0,0,0,0,0,0,0,0,0,0,0,0,0,0,0,0,0,0,0,0,0,0,0,0,0,0,0,0,0,0,0,0,0,0,0,0,0,2,0,0,0,0,0,0,0,0,0,0,0,0,2,0,0,0,0,0,0,0,0,0,0,0,0,0,0,0,4,2
기타,1,1,0,0,0,0,1,0,0,2,0,1,0,1,0,0,0,0,0,0,0,1,2,0,0,0,1,0,0,0,0,0,1,0,1,1,0,0,0,0,1,0,0,0,0,1,0,0,0,0,0,0,0,0,0,2,0,0,0,6,0,0,3,0,0,0,0,0,0,0,0,0,0,0,1,0,0,1,1,0,1,0,1,0,0,2,0,1,0,1,0,0,0,0,0,2,0,0,1,2,0,0,0,0,0,0,0,0,0,0,0,0,0,1,0,0,0,0,2,6,3
가정폭력범죄의 처벌 등에 관한 특례법,1,0,1,5,2,7,10,1,2,4,4,10,3,0,1,5,0,3,1,5,1,2,4,2,1,0,0,0,0,1,0,0,2,1,0,0,0,0,0,0,16,2,24,9,1,13,5,9,5,1,2,3,2,1,3,1,3,1,0,0,1,3,1,9,1,5,0,0,2,3,1,0,0,0,16,0,2,3,0,7,2,6,0,18,1,3,5,1,2,0,0,1,15,2,3,1,1,0,2,2,2,1,1,0,0,2,1,0,2,0,4,3,2,4,0,2,2,0,1,15,20
가축분뇨의관리및이용에관한법률,0,0,0,0,0,0,0,0,0,0,0,0,0,0,0,0,0,0,0,0,0,0,0,0,0,0,0,0,0,2,0,0,0,0,0,0,1,0,0,0,4,1,3,0,0,1,0,0,4,0,1,1,0,0,0,0,1,0,1,0,0,1,0,0,0,0,0,0,0,0,0,0,2,0,0,0,1,2,0,5,2,1,4,1,1,15,13,1,0,14,13,5,13,1,1,3,55,9,22,4,0,12,0,5,2,4,10,3,9,13,8,2,9,6,40,0,15,2,5,273,328
감염병의예방및관리에관한법률,3,1,0,0,0,0,0,0,0,0,0,0,0,0,0,1,0,0,0,0,2,0,0,7,2,0,0,1,0,0,1,0,1,1,0,0,0,0,1,0,0,0,0,0,1,0,0,0,0,0,0,0,5,0,0,0,0,0,0,0,0,0,0,0,0,0,0,0,1,0,0,0,0,1,9,10,0,0,4,0,0,0,0,1,0,0,0,1,0,0,0,0,0,0,0,5,0,0,0,0,2,0,0,0,1,0,1,0,0,2,0,6,0,0,2,0,0,0,0,4,18
개발제한구역의 지정 및 관리에 관한 특별조치법,2,0,0,0,0,0,5,1,1,3,3,3,0,0,2,4,2,0,0,0,1,5,19,0,3,0,0,0,0,0,0,0,2,5,0,11,16,0,0,0,108,0,0,0,0,5,3,0,0,0,0,10,0,0,1,1,9,0,0,0,0,0,0,3,0,3,0,1,0,0,2,0,1,9,2,2,10,0,0,0,20,4,0,13,0,19,0,0,41,0,0,0,0,0,0,0,0,0,4,0,2,350,0,0,0,0,0,0,0,0,1,9,0,2,0,27,0,0,0,101,19
개인정보보호법,15,23,12,7,7,10,5,13,5,14,18,9,8,19,14,19,13,13,25,15,13,65,54,24,9,2,3,10,1,13,4,16,16,11,6,14,4,22,5,11,4,4,4,8,4,4,14,10,5,8,1,9,13,8,14,17,2,0,1,11,14,3,7,9,5,8,13,16,6,3,5,18,5,3,23,28,30,14,9,26,13,7,10,15,7,31,10,2,15,5,5,9,24,9,5,8,12,2,18,10,2,12,2,5,5,3,1,4,0,2,18,14,12,4,5,7,3,3,6,139,81
건강기능식품에관한법률,2,1,0,3,0,4,0,3,0,1,0,0,0,2,1,1,8,1,3,0,5,6,3,5,1,0,3,0,2,6,0,2,2,3,7,0,1,1,0,1,0,5,4,3,1,1,0,3,4,1,0,3,5,0,5,7,2,0,0,1,0,2,0,2,4,0,2,3,2,3,0,0,0,0,6,5,8,0,1,0,18,3,1,8,15,3,0,2,1,0,0,3,1,2,0,3,4,1,7,0,3,2,0,0,5,1,0,0,2,0,5,1,5,6,4,1,0,0,3,50,53
건설기계 관리법,0,2,1,0,0,2,2,0,0,2,0,3,0,2,3,2,2,0,2,0,0,15,3,3,0,0,1,1,0,1,1,4,1,1,7,3,7,0,0,1,2,0,6,3,0,2,1,9,4,5,1,3,1,6,2,2,4,0,1,0,0,0,1,1,0,0,2,5,1,1,0,3,1,5,3,7,2,2,2,7,5,3,7,3,3,8,2,2,2,2,4,1,7,0,0,7,7,2,20,1,0,8,5,2,3,3,0,2,0,0,10,17,1,6,5,1,1,13,1,299,80
건설산업 기본법,10,3,5,7,26,12,25,19,28,17,84,21,9,12,8,21,7,28,15,32,40,18,17,35,37,2,2,0,0,3,6,4,3,11,2,1,3,1,2,3,2,1,2,1,1,3,5,0,3,2,1,25,26,4,16,15,10,5,1,0,5,0,4,2,52,8,6,3,1,2,0,1,0,7,47,65,113,6,14,6,13,6,7,100,7,76,13,2,12,5,5,3,13,6,5,9,34,5,4,4,2,23,3,5,2,1,5,6,2,0,23,28,22,3,8,3,9,2,1,385,86
건축법,4,5,5,37,19,3,8,5,6,2,1,7,12,38,22,10,10,4,3,13,9,12,13,10,7,5,6,2,3,7,13,4,7,20,20,27,78,30,28,2,4,1,1,0,0,2,3,0,0,12,12,31,15,24,110,8,40,13,17,2,1,2,4,1,11,37,15,82,7,5,0,6,2,27,58,26,21,62,11,141,25,5,54,12,5,41,43,6,12,36,33,13,78,9,47,68,80,8,42,29,2,25,22,9,28,16,115,1,2,1,97,5,8,10,45,4,85,19,29,863,684
게임산업진흥에관한법률,27,28,16,11,26,37,50,22,37,42,28,28,45,20,29,33,41,35,24,23,110,21,17,31,27,33,5,8,2,42,44,38,22,31,35,33,8,32,26,31,8,5,26,43,13,34,18,54,9,43,1,54,51,40,90,64,44,2,0,27,45,47,55,43,19,31,73,26,11,33,11,77,24,10,43,80,93,72,41,109,100,30,59,104,16,84,54,51,45,18,35,56,56,50,26,62,95,21,46,31,16,25,31,16,17,12,22,24,10,13,83,69,37,18,22,27,19,17,10,524,260
결혼중개업의관리에관한법률,2,8,1,0,0,2,0,1,0,0,1,0,0,0,0,0,2,0,1,0,0,3,0,0,0,0,0,0,0,0,0,0,0,0,0,1,2,0,0,1,0,3,0,0,0,0,0,1,1,1,0,0,1,0,0,0,0,0,0,0,1,2,3,0,2,2,1,0,0,0,0,0,0,0,3,2,3,0,0,5,3,0,1,3,2,1,1,2,0,1,1,0,2,0,1,1,0,1,2,0,0,0,1,0,0,2,0,0,0,0,2,1,0,0,0,0,0,0,0,14,14
경범죄처벌법,74,77,91,18,39,74,112,41,65,22,44,61,80,64,41,116,75,89,213,23,108,44,78,73,65,8,12,18,19,51,30,23,19,35,52,20,5,36,30,20,12,15,31,36,25,74,37,93,9,33,18,65,92,17,75,113,32,6,1,16,42,15,42,29,47,47,35,25,16,34,28,49,13,13,174,257,170,44,97,89,139,35,42,169,16,84,130,37,59,16,17,41,64,57,38,35,113,28,54,36,44,70,19,18,24,19,24,26,3,7,63,77,55,24,32,33,11,6,23,500,194
고용보험법,0,10,3,1,0,3,5,0,5,1,32,1,0,27,2,16,31,2,50,0,5,4,29,37,0,1,0,0,0,19,1,1,11,2,7,1,6,4,19,2,0,9,18,61,7,22,27,9,2,4,4,13,10,10,76,4,40,0,0,1,4,2,6,2,1,1,65,1,8,1,4,71,2,0,69,50,28,25,117,18,39,11,24,71,17,50,8,8,11,11,13,15,14,5,7,3,48,24,54,3,0,66,3,9,2,19,1,11,1,1,6,33,2,26,11,4,5,5,0,212,35
공유수면관리및매립에관한법률,0,0,0,0,0,0,0,0,0,0,0,0,0,0,0,1,0,0,0,0,0,0,0,0,0,0,0,0,302,0,0,1,0,0,0,1,1,0,1,0,0,1,0,0,0,0,0,0,0,4,0,0,0,0,0,0,0,0,0,0,0,0,0,0,0,0,0,0,0,0,4,0,2,10,0,0,0,0,0,2,487,0,5,2,0,4,5,0,1,0,0,0,1,18,2,2,1,0,0,0,0,8,3,0,0,0,0,2,1,0,0,0,0,0,0,0,0,1,0,730,2576
공유재산및물품관리법,0,2,0,0,0,0,0,0,0,0,0,0,0,0,0,0,0,0,1,0,0,2,1,0,0,1,0,0,0,0,0,1,0,2,0,1,0,0,0,2,0,0,0,0,0,0,0,0,0,1,0,1,0,1,0,1,0,0,1,0,0,0,0,0,0,0,0,0,1,0,0,0,0,1,2,0,0,0,2,1,1,0,0,1,0,1,0,0,0,0,0,0,0,0,1,0,1,0,3,0,0,0,2,0,0,0,0,0,0,0,6,0,2,0,1,0,0,2,0,1,10
공인중개사법,11,0,10,5,4,5,3,5,3,2,2,6,5,4,2,5,7,4,4,10,12,12,21,15,4,6,0,2,9,10,6,7,11,5,6,3,5,23,5,1,3,1,3,1,4,11,64,13,3,3,1,10,20,34,13,5,4,5,0,7,5,0,6,5,1,1,4,4,3,2,0,0,0,8,4,20,10,7,2,21,9,1,9,1,4,21,15,7,43,1,6,11,7,4,8,8,15,0,11,2,2,6,11,3,7,143,6,9,1,2,11,5,8,8,5,3,0,1,8,145,91
공중위생관리법,37,63,67,1,1,6,2,1,5,0,4,0,18,139,5,8,11,2,3,2,9,17,47,7,3,2,0,36,2,74,4,2,6,38,12,1,9,2,54,1,4,5,1,0,0,5,1,1,2,30,2,3,1,23,3,3,2,9,17,3,1,6,5,9,4,4,4,2,2,0,1,7,1,0,20,22,17,8,12,5,33,8,27,14,3,27,39,1,25,7,4,1,10,13,5,4,14,11,6,0,6,32,11,0,1,0,8,39,0,0,30,2,5,4,20,5,6,0,1,238,98
공직선거법,14,10,6,3,5,7,6,5,6,8,10,7,1,14,14,21,10,5,31,10,4,9,12,4,9,8,3,5,3,14,3,4,4,11,6,3,3,5,3,7,4,7,14,4,4,3,9,9,18,3,6,14,4,7,9,3,3,11,1,5,21,11,11,9,4,7,12,3,4,12,6,22,7,4,9,29,29,36,26,21,34,7,31,27,20,19,34,61,13,17,22,20,16,35,15,4,17,25,7,31,8,9,15,12,24,2,4,5,21,21,11,16,13,2,20,10,12,20,13,334,470
관세법,7,5,1,1,2,2,0,2,0,1,1,1,0,3,0,11,3,2,2,3,1,10,11,2,1,57,0,3,1,0,0,1,0,0,0,2,26,0,0,0,2,0,1,0,0,1,1,1,0,289,2,2,0,5,0,0,1,0,0,0,0,0,0,0,0,0,1,0,1,0,0,1,0,2,3,0,2,0,1,0,1,0,2,1,0,0,4,0,0,0,12,0,1,1,1,0,11,4,0,3,0,0,1,1,0,0,0,0,0,0,0,1,0,5,1,3,0,1,0,103,9
교통사고 처리특례법,1030,1044,1189,1046,937,1443,1314,1288,1095,732,1377,1021,942,1488,1351,1351,1368,854,2188,1248,1138,2276,3161,2667,1250,295,418,539,277,1418,876,728,640,937,847,737,554,613,614,732,402,844,1501,1075,766,2062,1854,2740,780,459,157,1087,835,556,1431,1004,636,184,26,465,1773,739,2033,1746,1074,1192,2269,1901,839,602,430,1132,497,750,2924,4821,3797,2009,1480,4552,2590,1027,2492,3391,747,3511,2666,1210,1609,947,975,1610,2393,1234,1474,1719,2861,1381,1770,1155,630,2212,860,1184,799,980,610,762,472,579,2959,2173,1548,1012,909,638,608,793,373,21114,13606
국가기술자격법,1,0,0,0,0,0,0,1,2,0,0,0,0,0,1,0,0,0,2,0,1,3,2,2,0,0,0,1,0,1,1,0,1,0,0,0,0,0,0,0,0,0,0,0,0,0,0,0,0,1,0,0,0,0,0,0,1,0,0,0,0,0,0,1,1,0,0,0,1,0,0,0,0,0,0,0,0,0,0,2,6,0,0,2,1,2,1,0,0,1,0,0,3,1,1,0,1,1,0,0,0,1,0,0,0,0,0,0,0,0,0,1,0,2,0,0,1,0,2,7,0
국가보안법,4,2,1,0,0,0,0,1,0,0,0,0,1,2,1,0,0,0,2,0,0,4,7,0,0,0,0,0,0,0,0,0,0,0,0,0,0,0,0,0,0,0,0,0,0,0,2,0,0,2,0,0,0,0,1,0,0,0,0,5,0,0,1,0,0,0,0,0,0,0,0,0,0,0,0,1,2,0,0,0,0,0,0,0,0,0,0,0,0,0,0,0,0,0,0,0,0,0,0,0,0,0,0,1,0,0,0,0,0,0,0,0,1,0,0,0,1,0,0,7,8
국민체육진흥법,2,0,0,0,1,0,3,0,2,3,1,3,1,4,1,4,1,1,2,3,4,1,8,3,2,2,0,0,0,3,0,2,1,5,0,1,0,5,0,0,0,0,0,1,1,1,0,0,1,5,1,3,3,1,1,3,4,0,0,0,2,0,2,3,0,0,1,1,0,6,1,1,0,0,2,5,3,4,3,6,7,1,3,3,2,2,3,3,4,2,1,3,2,0,4,2,0,1,2,0,0,2,0,1,1,1,1,0,0,1,0,1,2,1,0,1,1,0,3,16,15
국토의계획및이용에관한법률,8,1,1,0,0,0,0,0,0,0,0,1,2,1,1,6,0,0,1,1,19,1,0,1,1,0,0,0,2,1,1,0,0,2,2,1,6,1,0,0,13,1,3,1,0,0,0,1,3,7,0,7,0,0,0,0,1,8,2,4,0,4,0,6,1,0,1,6,1,0,2,0,3,19,0,3,2,22,0,18,16,5,8,3,8,8,6,1,1,4,3,7,7,7,1,15,11,3,38,3,0,26,12,2,23,3,1,9,18,8,48,0,8,11,1,0,1,3,16,378,254
근로기준법,312,410,257,270,223,214,203,198,176,162,201,191,197,603,262,533,528,509,539,105,380,709,1696,696,246,71,57,65,51,213,158,157,100,487,152,147,414,122,149,219,154,545,176,70,78,182,205,324,159,239,34,475,279,221,465,368,177,60,34,68,126,61,139,221,101,80,266,196,92,131,118,361,191,376,559,344,912,477,484,457,1092,41,492,1551,256,1001,636,265,327,169,360,373,762,209,213,400,520,335,780,174,140,531,110,168,107,116,364,329,80,51,305,66,555,396,225,118,157,93,55,7953,2594
근로자퇴직급여보장법,134,192,82,121,71,75,67,72,38,42,62,57,55,232,102,156,231,260,237,38,97,308,734,216,98,31,15,17,14,61,29,46,30,136,57,37,160,34,37,85,48,143,42,35,21,79,69,141,78,56,11,167,78,62,145,105,55,3,4,22,43,11,40,68,21,14,56,64,27,46,55,114,54,114,208,106,328,83,189,114,402,9,97,497,71,284,87,72,90,25,55,121,179,68,50,106,109,102,302,52,51,183,18,53,16,33,112,93,26,17,97,12,164,109,62,45,35,16,13,2139,595
낚시관리및육성법,0,0,0,0,0,0,0,0,0,0,0,0,0,0,0,0,0,0,0,0,0,0,0,0,0,0,0,0,0,0,0,0,0,0,0,0,3,0,0,0,1,0,0,0,0,0,0,0,0,89,0,0,0,0,51,0,0,21,80,0,0,0,0,0,0,0,0,0,0,0,0,0,0,0,0,0,0,0,0,0,1,0,96,7,0,0,12,0,1,0,3,0,2,4,0,0,0,0,0,0,0,1,0,0,0,1,0,12,0,0,0,6,1,0,0,0,0,0,0,127,42
노동조합 및 노동관계조정법,14,13,9,3,1,4,0,2,4,2,2,3,1,19,4,10,9,9,22,2,4,11,17,16,4,0,1,1,1,0,2,4,1,10,1,5,3,2,7,3,10,4,5,4,1,2,0,6,1,7,3,17,1,4,2,10,2,0,0,2,4,0,0,4,1,2,0,5,1,2,6,8,5,12,1,1,14,14,7,7,28,2,8,14,0,2,11,2,4,5,3,5,9,5,8,10,5,12,5,5,2,0,0,1,0,2,11,5,3,1,1,0,2,6,0,0,4,0,0,94,33
농수산물유통 및 가격안정에 관한법률,0,0,0,0,0,0,0,0,0,0,0,0,0,0,0,2,0,0,0,0,0,0,0,5,0,0,0,0,0,0,0,0,0,4,0,0,0,0,0,2,0,0,0,0,0,0,0,0,0,0,0,0,0,0,3,0,0,0,0,0,0,0,0,0,0,0,0,0,0,0,0,0,0,0,0,1,0,0,5,0,0,0,0,2,0,0,0,1,0,0,1,0,0,0,0,0,0,0,0,0,0,0,0,0,0,0,0,0,0,0,0,0,0,0,0,7,0,0,0,1,1
농수산물의원산지표시에관한법률,10,9,9,10,15,38,13,26,9,7,9,10,11,7,11,16,6,18,20,7,16,18,27,17,14,8,6,3,4,7,15,5,12,10,11,9,5,12,7,15,11,1,10,7,5,16,18,22,10,13,3,18,18,14,41,19,12,6,4,2,6,2,5,14,25,21,43,31,12,10,4,19,5,9,18,23,47,58,22,76,59,0,38,39,21,26,36,43,21,25,29,27,46,39,27,25,1013,28,19,26,11,24,24,31,18,15,24,12,19,8,12,10,22,15,5,7,13,10,4,507,415
농지법,0,0,0,0,0,0,0,0,0,0,0,0,0,0,0,1,0,0,0,0,0,0,0,0,0,0,0,0,0,1,2,0,0,1,2,2,2,0,0,0,11,0,1,1,0,1,0,0,0,0,0,11,1,0,3,0,4,1,4,1,0,0,2,1,0,2,0,0,0,0,0,0,1,9,0,1,0,1,0,9,6,0,2,13,0,48,1,1,0,2,1,6,5,4,0,1,32,7,4,2,0,21,1,3,5,0,14,1,3,6,18,27,33,3,7,1,3,2,4,209,171
대기환경보전법,2,3,3,15,0,16,8,0,1,3,0,0,2,3,2,15,1,7,17,2,2,10,13,6,3,0,1,0,2,1,2,1,3,2,13,4,22,0,0,9,31,1,1,2,1,1,6,6,15,12,7,43,15,6,14,17,7,0,1,1,2,0,3,4,5,8,3,6,11,1,0,18,11,27,19,23,9,12,5,19,48,3,14,63,5,29,11,4,8,31,21,9,45,13,0,1,94,26,40,9,13,55,1,26,8,7,24,1,3,5,46,16,59,15,30,3,11,6,4,818,359
대부업등의등록및금융이용자보호에관한법률,2,28,2,11,7,22,14,4,6,14,3,7,6,10,6,5,11,5,6,23,9,20,72,22,20,14,5,11,2,100,26,15,16,10,15,4,0,13,6,19,5,2,5,5,17,15,16,11,4,4,0,5,13,7,6,7,2,1,1,6,16,3,18,4,5,3,6,9,6,0,0,10,2,1,29,32,26,13,19,16,39,13,6,23,40,18,12,4,5,3,7,9,15,6,27,11,12,12,14,6,1,4,1,11,1,27,2,3,1,0,15,7,1,6,1,2,5,1,1,116,67
도로교통법,39,27,132,123,147,47,64,102,40,26,95,75,57,104,101,61,60,94,175,60,55,186,264,105,61,37,37,78,16,89,81,97,35,129,77,75,62,57,62,98,47,14,72,41,28,120,77,80,51,153,56,196,189,29,125,95,46,15,4,22,49,22,66,109,37,36,51,82,94,43,43,66,39,170,138,300,300,104,106,233,213,65,119,168,42,192,176,21,126,83,43,115,167,45,81,185,240,72,148,34,48,130,34,63,21,19,72,50,136,24,302,238,91,115,114,49,41,37,47,1772,1342
도로교통법(무면허운전),278,169,137,142,150,165,137,120,100,46,183,134,96,259,119,175,89,287,186,70,409,243,444,190,64,36,28,45,43,182,63,100,49,168,92,58,51,74,80,71,69,65,128,266,50,235,129,221,66,79,18,223,189,65,161,258,90,32,10,137,155,63,229,167,89,61,69,66,106,91,68,131,51,88,442,787,358,128,261,603,380,149,267,530,119,181,355,92,199,79,129,288,291,121,129,126,437,126,282,112,71,374,106,118,47,194,232,85,211,39,308,284,180,147,186,82,81,48,39,2732,2448
도로교통법(사고후미조치),24,87,74,21,30,40,24,59,20,22,32,30,4,50,14,66,44,52,45,34,48,157,139,34,21,2,8,15,4,36,32,60,3,38,14,28,35,6,56,18,17,29,187,77,35,122,75,264,95,39,10,119,83,37,130,101,94,12,8,22,123,69,178,244,30,34,20,57,20,115,69,148,100,99,244,374,219,214,88,206,184,78,88,413,39,504,355,123,31,86,38,194,599,211,86,302,162,92,162,76,24,62,33,68,56,15,104,90,127,28,421,404,112,84,109,24,23,40,35,2341,1485
도로교통법(음주운전),293,300,616,411,717,328,446,428,353,271,474,647,322,957,520,1367,412,328,985,350,765,848,1809,932,480,462,281,366,355,927,858,494,842,931,484,493,415,295,299,442,639,460,987,716,404,1088,1264,1560,441,786,92,1349,966,636,1221,1469,649,190,47,316,1192,423,1399,1360,494,483,1166,672,525,554,595,2246,547,883,2907,4358,2594,2196,1203,2624,3070,780,1926,2243,933,2460,2597,757,996,662,836,1758,2057,1432,677,902,1719,860,1935,1551,452,1341,590,602,348,674,1068,978,345,184,1893,2788,1610,837,893,635,550,345,345,16626,10256
도로교통법(음주측정거부),7,7,15,10,12,11,11,11,8,8,7,7,7,13,13,25,17,8,15,4,15,25,46,22,4,6,3,1,1,12,17,5,1,14,9,10,3,2,7,6,9,8,10,14,6,22,27,33,5,2,2,29,14,12,24,19,9,3,2,6,25,9,16,18,11,14,23,12,5,7,4,34,4,17,38,76,43,40,38,52,55,7,35,47,17,45,33,21,29,14,18,36,52,37,18,23,38,19,43,30,7,33,20,18,25,20,28,24,5,6,48,35,36,24,20,13,27,13,11,440,308
도로법,7,1,4,2,4,5,0,1,0,1,1,0,1,4,3,2,4,5,18,22,12,17,9,1,7,2,0,1,2,8,5,4,8,4,1,3,32,6,5,1,4,0,8,7,1,4,2,10,5,9,1,132,5,3,24,4,8,5,0,1,1,0,2,10,6,5,1,11,10,2,1,3,3,6,12,14,41,13,5,14,21,2,15,52,9,10,31,4,2,5,26,9,47,0,4,23,67,17,61,8,9,19,1,6,3,2,32,2,1,2,155,118,7,22,10,81,4,2,23,375,163
도시및주거환경정비법,0,6,11,9,1,15,3,8,4,1,2,15,6,2,1,0,1,0,14,8,13,13,19,7,5,0,2,3,1,13,4,21,1,6,3,5,0,0,9,1,0,0,4,2,1,3,1,7,0,1,1,0,2,0,5,10,2,0,0,13,3,1,9,0,4,3,0,0,0,7,0,6,0,0,7,4,4,2,18,2,9,7,2,1,0,4,0,1,0,0,1,0,3,0,0,0,0,0,0,0,0,6,0,0,0,0,0,0,0,0,0,0,2,0,0,0,1,0,0,25,0
독점규제 및 공정거래에 관한법률,16,4,1,0,0,0,0,0,0,0,0,0,1,1,0,0,2,0,1,1,0,7,2,1,0,0,0,0,0,0,0,0,0,0,0,1,0,0,0,0,1,0,0,0,0,0,0,0,0,0,0,0,0,0,0,0,0,0,0,1,0,0,0,0,0,0,0,0,0,0,0,0,0,0,0,0,2,0,0,1,0,0,0,0,0,1,0,0,0,0,1,0,1,1,0,1,0,1,0,0,0,0,0,0,0,0,0,0,0,0,1,0,0,0,0,0,0,0,0,24,3
디자인보호법,6,7,3,5,4,3,0,3,2,1,2,2,0,3,0,0,3,2,3,1,0,2,7,3,3,0,1,0,0,1,0,1,0,3,0,1,1,0,0,2,1,1,5,0,2,1,1,2,3,6,1,8,2,1,2,4,1,0,0,0,0,1,0,3,0,0,0,1,2,0,0,2,1,1,9,6,4,2,3,2,2,0,0,5,1,8,0,0,2,1,0,0,1,0,0,0,1,1,2,0,0,6,0,0,0,0,2,0,0,0,5,4,6,1,1,1,0,0,2,33,5
마약류관리에 관한 법률(대마),6,7,27,9,10,6,8,3,1,3,2,4,1,27,2,8,4,3,12,2,3,11,91,13,4,4,4,2,1,6,3,0,3,9,1,0,3,2,4,2,5,3,1,0,2,2,1,1,1,40,6,10,23,12,14,9,0,3,2,0,5,0,2,9,1,6,3,3,2,1,0,1,0,0,7,11,21,2,14,5,5,1,0,10,0,10,1,0,13,1,5,1,4,0,10,2,10,1,21,2,0,7,0,0,7,0,7,7,0,1,4,6,3,2,2,0,5,2,1,177,77
마약류관리에 관한 법률(마약),2,1,1,12,1,1,0,3,1,2,1,1,1,1,3,1,5,3,0,1,3,3,6,1,2,1,1,0,1,2,0,1,1,2,1,2,2,0,4,2,3,1,0,1,1,1,2,0,2,14,2,0,2,0,2,3,2,8,1,0,2,0,0,3,2,1,0,1,3,0,0,0,1,0,6,3,2,5,1,80,6,5,9,5,0,11,1,1,2,1,2,0,17,16,20,34,36,6,17,4,1,14,2,14,18,13,1,1,12,0,25,6,22,2,30,1,1,8,2,234,452
마약류관리에 관한 법률(향정),63,32,51,50,32,89,35,35,34,10,30,27,24,39,25,72,60,46,101,25,63,72,331,59,27,53,47,68,42,130,60,39,55,64,56,35,34,48,37,53,17,26,51,29,46,37,45,69,8,118,18,68,177,37,99,81,20,5,7,0,14,1,6,20,21,29,23,17,1,7,6,29,1,14,53,93,56,19,79,41,138,23,26,97,79,83,14,12,56,7,8,15,61,11,9,31,68,16,119,8,13,24,2,20,17,11,24,16,3,4,38,58,22,28,3,9,10,5,6,439,218
물환경보전법,2,1,2,0,0,0,0,0,1,0,0,1,0,4,1,4,0,3,10,0,0,1,1,0,0,0,0,1,2,1,1,2,0,0,4,2,6,0,2,8,4,2,0,2,1,5,0,1,9,3,1,14,1,1,8,1,2,0,0,1,3,0,1,5,0,1,0,5,6,1,0,8,2,7,7,5,10,7,2,4,15,0,9,18,6,9,4,1,3,7,8,6,7,2,1,1,16,6,10,1,3,25,2,7,2,0,5,3,3,3,10,8,9,16,3,2,2,0,4,529,888
배타적경제수역에서의 외국인어업등에 관한 주권적권리의 행사에 관한법률,0,0,0,0,0,0,0,0,0,0,0,0,0,0,0,0,0,0,0,0,0,0,0,0,0,0,0,0,0,0,0,0,0,0,0,0,0,0,0,0,0,0,0,0,0,0,0,0,0,0,0,0,0,0,0,0,0,0,15,0,0,0,0,0,0,0,0,0,0,0,0,0,0,0,0,0,0,0,0,0,0,0,0,0,0,0,17,0,0,0,7,0,0,0,0,0,0,0,0,0,0,0,0,0,0,0,0,0,0,0,0,0,0,0,0,0,0,0,0,20,133
범죄수익은닉의 규제 및 처벌 등에 관한법률,4,7,2,0,6,3,0,0,0,0,0,1,2,0,1,3,3,0,4,1,3,3,31,4,1,1,0,0,1,3,3,0,0,4,1,3,0,2,1,0,1,0,2,1,0,1,5,3,1,6,0,3,1,1,3,0,0,0,0,0,0,0,7,1,0,0,4,0,0,1,0,0,0,1,5,8,4,5,2,2,8,0,4,1,0,5,4,8,1,0,2,1,0,2,2,7,1,0,2,1,1,2,0,0,0,1,0,5,0,0,1,2,1,0,0,0,0,0,1,94,28
변호사법,7,2,3,3,3,8,6,1,4,6,3,2,3,4,5,7,7,4,11,2,8,83,26,10,7,2,1,4,0,13,3,2,4,5,2,1,3,13,4,4,1,0,3,3,1,6,11,2,0,3,1,3,16,1,3,8,2,3,0,12,9,0,8,5,0,2,9,4,2,3,0,10,1,2,11,13,11,9,3,8,8,1,3,10,1,15,2,5,7,1,1,5,8,3,1,4,8,2,5,2,3,5,2,0,1,1,3,2,1,0,2,1,3,0,1,4,2,0,2,79,37
병역법,39,32,40,55,86,98,82,73,78,81,87,118,63,21,82,113,77,52,92,79,186,85,127,118,84,7,7,7,5,24,11,9,11,12,17,15,2,4,9,15,10,11,41,12,21,33,32,37,8,15,6,96,124,37,89,111,55,6,0,7,12,14,16,22,34,47,53,32,41,12,11,15,7,9,150,169,114,60,59,81,97,50,25,137,32,179,31,18,104,29,31,54,131,12,31,43,61,12,63,15,15,192,9,20,11,18,35,25,4,7,105,69,94,32,48,28,20,3,24,768,347
보조금관리에관한법률,0,2,1,0,2,2,1,1,0,1,0,0,1,2,0,6,1,2,7,2,1,0,2,3,2,0,1,1,0,3,0,0,0,5,1,0,0,0,3,1,1,0,0,1,2,3,2,9,1,0,0,3,0,2,2,2,0,1,0,0,4,0,3,2,0,3,1,2,1,1,0,3,1,9,0,2,2,3,0,3,5,1,2,1,1,5,5,0,0,6,1,1,0,1,3,3,0,0,4,3,0,60,3,5,1,5,4,0,3,3,3,0,3,0,0,2,1,1,0,46,53
부동산 실권리자 명의등기에 관한법률,2,1,1,0,5,2,0,1,1,3,0,3,3,1,2,2,2,3,9,1,1,12,9,6,0,0,0,0,0,3,1,2,0,1,0,1,28,4,1,1,0,3,2,22,0,3,3,6,0,2,0,3,3,0,3,2,0,1,0,1,1,1,0,1,2,2,5,4,0,0,0,1,4,3,3,4,7,2,5,17,2,3,2,4,2,6,9,0,0,0,2,0,2,2,1,7,7,4,5,0,1,7,1,1,0,0,12,6,0,1,37,1,3,3,1,0,1,2,0,73,50
부정경쟁방지 및 영업비밀보호에 관한법률,6,15,2,10,5,3,2,2,1,4,3,2,4,7,3,5,11,21,9,2,6,7,46,12,4,1,0,0,1,5,3,1,0,13,0,2,3,2,3,5,4,2,1,3,1,0,3,9,5,3,0,8,1,2,10,3,7,1,0,1,5,0,1,2,2,1,3,11,2,0,0,0,1,1,15,13,12,6,7,8,7,1,1,11,1,13,4,0,2,2,5,6,8,1,2,2,3,0,7,1,0,10,0,3,2,3,4,1,0,0,18,4,4,3,5,2,0,0,0,84,20
부정수표단속법,40,56,12,7,14,20,6,13,8,8,5,5,17,8,5,29,17,24,15,4,6,32,12,39,15,4,1,3,4,38,19,46,32,46,4,4,16,20,4,15,21,13,4,24,0,45,6,101,1,0,0,12,7,21,4,4,5,2,0,0,4,0,20,3,6,11,4,2,1,2,1,2,0,1,54,42,11,3,6,14,29,1,11,4,1,52,10,11,14,1,1,0,15,0,0,16,10,0,18,0,3,31,3,0,1,16,5,1,6,0,27,14,21,2,0,6,0,0,3,249,69
사행행위 등 규제 및 처벌특례법,3,3,1,2,1,3,1,3,1,1,7,0,2,2,0,1,1,6,0,0,2,2,2,3,2,0,0,0,0,0,0,0,0,1,1,0,0,2,0,0,0,0,0,3,0,1,1,1,1,0,0,1,1,0,2,3,2,0,0,3,8,7,7,8,5,5,6,1,6,0,0,0,0,0,6,7,3,0,4,9,3,0,6,1,4,0,6,1,3,1,0,5,2,0,2,1,0,0,1,3,1,0,0,3,0,0,5,29,0,4,5,0,0,0,0,0,0,1,2,42,20
산림자원의조성및관리에관한법률,2,0,0,0,3,0,1,1,0,0,0,1,1,2,0,0,0,0,0,1,0,0,1,0,0,0,2,1,0,0,0,1,0,3,0,1,1,0,0,0,3,0,2,0,1,0,0,0,1,3,0,0,1,0,0,2,1,6,1,0,1,0,0,1,2,1,0,2,0,0,0,0,7,11,1,2,6,3,0,7,7,0,23,3,2,3,5,3,0,0,1,0,7,2,5,7,3,3,3,4,0,2,5,6,25,4,10,2,10,5,0,0,7,2,9,1,4,4,4,161,303
산업안전보건법,45,39,17,23,32,65,23,22,12,7,17,43,12,20,14,74,59,49,35,13,36,77,110,39,30,5,9,7,5,30,10,20,12,28,44,11,36,9,8,21,22,8,17,6,3,12,28,30,24,58,15,60,64,50,89,39,21,3,2,6,11,11,14,43,7,14,48,53,23,10,20,52,21,46,52,41,76,93,47,109,162,4,68,223,27,98,84,10,49,52,61,58,93,85,45,84,101,44,42,46,30,85,38,49,6,27,43,31,25,21,29,4,77,34,29,21,36,11,20,1410,521
산지관리법,2,0,0,0,0,0,0,0,0,1,1,2,0,0,0,0,1,0,0,0,0,0,0,0,0,0,0,0,0,1,2,1,0,2,0,5,0,0,0,0,5,0,1,0,0,1,1,2,4,15,0,5,3,1,0,1,0,13,9,3,0,1,0,0,0,0,0,1,0,2,1,0,5,35,1,0,5,9,1,47,19,0,17,17,0,29,58,0,0,15,6,4,52,1,25,13,14,21,5,8,0,16,14,30,17,19,52,16,24,10,48,0,60,5,58,0,21,15,19,668,887
상표법,52,423,25,24,30,28,29,28,26,52,22,14,9,12,24,38,21,127,31,19,19,49,100,47,21,50,3,39,2,76,18,8,9,15,8,4,17,5,4,18,4,47,11,13,7,15,12,20,7,125,2,30,19,10,10,32,13,1,0,47,13,6,9,3,16,12,17,18,9,5,1,16,1,1,50,48,46,20,34,39,31,15,20,30,5,92,33,10,46,9,7,14,18,162,7,7,27,5,24,5,4,41,2,8,3,4,2,6,5,3,32,21,28,8,6,13,1,2,4,345,41
석유및석유대체연료사업법,1,1,2,2,1,1,1,4,0,0,0,0,0,1,0,0,0,0,3,0,0,1,1,2,1,460,0,186,1,1,1,179,1,2,4,4,4,2,0,2,6,0,3,4,1,2,1,5,12,3,3,7,1,0,1,5,0,1,0,1,1,0,4,8,5,7,3,7,10,2,0,8,1,8,2,2,1,5,1,15,10,1,35,1,4,8,0,19,5,7,7,13,12,14,3,5,8,8,13,7,0,13,0,4,4,6,5,0,3,1,12,2,9,1,8,0,2,10,2,138,161
선박안전법,0,0,0,0,0,0,0,0,0,0,0,0,0,0,0,0,0,0,0,0,0,0,0,0,0,6,1,3,8,0,0,2,0,1101,2,0,2,0,2,0,2,0,0,0,0,0,0,0,0,18,3,4,0,1,0,0,0,2,3,0,0,0,0,0,0,0,0,0,0,0,2,1,0,33,0,0,0,0,0,0,9,0,93,0,1,0,12,12,0,0,11,0,0,4,0,0,0,0,1,0,0,1,0,0,0,0,0,3,0,0,0,0,0,0,0,0,1,0,0,399,203
선박직원법,0,0,0,0,0,0,0,0,0,0,0,0,0,0,0,0,0,0,0,0,0,0,0,0,0,0,2,0,4,0,0,7,0,0,0,0,0,0,0,0,0,0,0,0,0,0,0,0,0,23,0,0,0,0,0,0,0,0,0,0,0,0,0,0,0,0,0,0,0,0,0,2,0,2,0,0,0,0,0,0,3,0,3,1,0,0,11,1,0,0,99,0,0,15,0,0,8,2,0,0,0,0,0,0,0,0,0,377,0,0,0,0,0,0,0,0,0,0,0,62,1557
성매매알선등행위의처벌에관한법률,51,25,9,31,68,33,21,40,58,22,27,24,25,64,17,88,79,41,94,24,144,74,287,72,58,25,19,20,4,175,226,7,12,65,12,4,4,55,1,49,10,33,119,20,20,15,36,78,2,12,7,77,244,47,412,98,69,2,0,17,90,2,22,41,34,44,120,61,12,5,5,54,3,10,151,277,150,67,119,63,71,46,36,189,23,106,50,17,54,54,29,38,73,13,15,11,87,7,62,22,27,49,9,80,30,5,23,8,11,2,88,75,24,65,20,30,21,10,10,480,106
수도법,0,0,0,0,0,0,0,0,0,1,0,1,0,0,0,1,1,0,0,0,0,0,2,0,1,0,0,0,0,1,0,0,1,0,0,2,0,0,0,0,1,0,2,0,0,0,0,0,2,1,0,0,0,0,0,0,0,0,0,0,0,0,1,2,1,1,0,0,1,0,0,0,0,14,2,2,1,0,2,7,1,0,2,1,21,1,0,0,0,1,0,0,1,0,0,0,1,0,0,0,0,6,0,0,1,0,9,1,0,0,2,0,5,0,0,1,0,0,1,27,18
수산업법,0,0,0,0,0,0,0,0,0,0,0,0,0,0,0,0,0,0,0,0,0,0,0,0,0,0,0,0,3,0,0,0,0,13,6,0,21,0,1,0,1,0,0,0,0,0,0,0,0,5,0,0,1,0,0,0,0,8,16,0,0,0,0,0,0,0,0,0,0,0,1,1,4,5,0,0,0,0,0,0,31,0,26,9,0,0,12,2,0,0,167,0,0,49,0,0,326,1,0,2,0,0,3,0,0,0,0,324,0,0,0,1,0,0,0,0,2,0,0,350,1506
수산자원관리법,0,0,0,0,0,0,0,0,0,0,0,0,0,0,0,0,0,0,0,0,0,0,0,0,0,10,1,1,3,1,0,0,0,4,9,0,3,0,1,0,10,0,0,0,1,0,1,0,0,3,0,1,0,2,3,0,0,4,22,0,0,0,0,0,0,0,0,0,0,0,3,2,7,9,0,0,0,0,0,0,41,0,674,4,0,0,8,36,0,0,42,0,0,57,0,0,100,84,1,0,0,0,35,0,0,0,0,40,0,0,0,0,0,0,0,0,4,0,0,136,654
식품위생법,98,45,78,11,23,99,28,39,53,31,120,55,47,143,36,60,53,36,56,42,80,31,92,61,45,38,32,26,18,63,27,65,51,84,84,72,73,49,51,73,115,12,26,27,15,17,30,20,24,61,3,46,44,23,104,62,31,5,1,7,69,15,43,27,34,22,42,17,30,12,3,18,10,12,63,149,64,106,51,59,148,39,51,85,38,97,93,18,35,32,34,23,87,50,17,61,39,26,75,6,23,94,17,9,5,10,39,58,18,11,75,45,33,32,47,24,26,5,4,924,460
신용정보의 이용 및 보호에 관한법률,0,2,0,0,0,0,0,0,0,0,0,0,0,2,0,1,0,0,0,0,0,1,2,0,0,0,0,0,0,0,0,0,0,0,1,0,0,2,0,0,0,0,0,0,0,1,0,0,0,0,0,0,0,0,0,0,0,0,0,0,0,0,0,0,0,0,0,0,0,0,0,0,0,0,0,0,1,0,0,1,0,0,0,0,0,0,0,0,0,0,0,0,0,0,1,0,0,1,0,0,0,0,0,0,0,0,0,2,0,0,0,0,0,0,0,0,0,0,0,4,0
"아동,청소년의성보호에관한법률(성매수등)",2,0,0,0,1,2,1,2,2,0,0,3,0,1,2,3,1,2,5,1,1,1,1,1,1,0,1,0,3,12,5,1,2,2,5,2,0,0,1,3,1,1,0,5,0,1,2,9,0,1,2,3,7,5,10,12,1,0,0,1,3,4,9,10,6,4,3,2,0,2,0,2,0,0,5,11,12,10,6,2,7,0,3,14,0,3,6,2,2,1,2,1,3,3,1,1,3,1,1,2,1,0,1,1,2,1,0,1,2,0,2,8,3,1,3,1,2,1,0,25,12
"아동,청소년의성보호에관한법률(음란물등)",4,1,8,2,6,8,2,2,23,8,9,2,7,4,5,12,6,6,8,3,7,4,8,4,5,1,2,6,0,5,47,9,5,7,5,3,4,5,2,3,0,9,4,2,3,20,3,6,1,0,0,5,5,2,49,7,7,1,0,12,7,3,7,3,1,43,16,2,0,6,1,6,2,2,108,23,12,13,7,14,15,1,6,11,3,6,6,6,5,3,1,4,8,3,8,5,5,1,11,6,7,2,2,4,18,6,2,2,2,0,6,7,7,4,0,0,2,0,3,100,35
아동복지법,7,3,11,7,25,25,20,28,27,32,36,34,30,17,22,19,28,22,28,25,34,28,14,46,15,11,8,8,5,31,19,24,16,31,22,25,10,10,13,19,11,6,23,16,10,31,30,37,23,7,4,44,29,8,43,32,22,7,0,7,27,21,33,38,45,29,63,27,14,40,31,40,39,21,95,121,65,51,39,76,37,42,47,182,17,70,30,35,44,38,44,15,48,22,23,32,53,12,19,15,21,69,12,17,13,10,29,36,3,10,53,44,38,23,27,20,22,5,10,408,288
액화석유가스의 안전관리 및 사업법,0,0,0,0,0,1,0,0,1,0,0,0,0,0,1,0,0,0,0,0,0,0,0,0,0,0,0,0,0,0,0,0,0,0,0,0,0,0,0,0,2,0,2,3,0,0,1,0,1,0,0,1,0,0,0,0,0,1,0,0,0,0,1,0,0,0,1,1,1,0,0,1,0,0,0,0,1,1,0,5,0,0,0,0,0,2,0,1,1,0,0,0,0,7,0,1,0,1,1,1,1,1,1,3,0,1,0,2,0,0,2,0,0,0,0,0,0,1,0,18,13
약사법,11,16,3,5,4,6,6,3,14,3,4,4,6,9,3,5,17,6,27,6,14,16,19,12,6,6,1,5,0,10,4,5,6,16,1,7,3,0,6,3,4,12,4,8,2,6,9,7,2,8,1,2,5,4,8,10,10,0,0,2,1,0,4,0,6,4,9,0,2,0,1,1,0,1,13,15,15,4,7,2,12,5,7,11,7,21,4,2,10,6,0,3,6,5,2,3,12,5,5,1,7,10,9,3,1,4,4,0,3,0,6,3,9,9,9,3,9,0,0,93,45
여객자동차운수사업법,8,11,3,2,3,2,4,0,1,2,0,1,1,2,30,1,1,0,3,1,0,5,21,3,6,1,0,0,1,2,0,11,0,4,1,0,0,0,0,3,2,0,0,2,2,3,1,4,0,52,0,15,9,7,6,5,6,0,0,0,1,0,0,1,3,0,2,0,0,1,1,5,1,0,5,10,6,2,1,6,29,1,1,17,1,9,14,0,3,1,0,17,50,2,1,7,10,3,2,1,2,1,0,1,0,2,3,4,1,1,10,10,3,1,11,2,34,0,2,101,72
여신전문금융업법,24,28,27,14,32,15,14,20,5,5,17,16,13,20,15,11,23,14,33,14,21,42,125,53,27,29,8,16,8,64,11,16,26,74,17,29,3,22,14,17,3,11,18,4,7,8,17,16,8,17,1,10,23,4,14,25,12,2,0,4,18,7,8,8,14,12,30,16,10,6,4,15,4,2,20,58,40,23,27,39,54,12,8,32,19,32,23,18,14,11,6,10,49,9,14,11,26,3,21,14,8,11,4,7,5,3,10,17,0,4,27,16,11,12,13,10,5,9,9,200,97
영유아보육법,0,0,0,0,0,0,3,3,1,0,1,5,1,0,0,2,0,0,2,1,1,2,0,3,0,0,0,0,0,0,1,0,1,1,1,0,0,0,2,0,0,0,0,1,1,0,1,6,0,0,0,1,0,0,4,0,1,0,0,0,0,0,0,0,0,0,0,2,0,0,1,2,0,1,5,8,5,4,2,9,0,2,3,6,1,3,0,1,8,0,2,0,3,0,1,0,0,0,1,0,1,2,0,0,0,1,3,0,1,0,13,0,4,3,2,1,0,0,0,24,2
예비군법,27,18,17,84,101,67,88,52,34,35,39,52,24,33,21,66,33,48,53,43,93,99,105,78,63,5,6,7,33,67,43,20,59,58,23,39,23,36,6,23,22,15,62,27,26,44,34,77,19,15,5,54,176,49,83,31,48,11,3,5,38,28,70,53,29,27,111,34,42,24,24,62,12,36,142,190,132,51,80,110,90,33,96,105,51,169,77,21,138,49,35,117,229,30,13,63,74,20,58,26,24,112,41,33,11,43,61,68,10,4,92,116,87,144,42,35,14,7,13,770,285
옥외광고물등의 관리와 옥외광고산업진흥에 관한법률,1,0,4,1,0,0,0,0,10,1,3,1,2,12,4,6,2,1,2,3,3,6,1,5,4,0,1,3,1,8,4,2,2,0,0,2,1,0,0,1,1,0,1,0,0,0,0,0,2,0,0,16,0,2,0,4,4,0,0,2,3,0,1,1,1,1,0,0,4,0,0,2,0,1,5,6,1,1,0,1,8,0,0,2,0,35,7,3,0,0,1,1,0,0,0,1,3,1,5,0,0,7,0,0,0,0,0,0,1,0,26,58,1,3,0,3,0,0,0,27,6
외국환거래법,7,13,3,0,5,2,3,2,1,1,2,0,0,5,2,159,11,2,13,2,2,5,17,1,0,3,0,0,0,0,0,0,1,0,0,0,99,0,0,1,0,1,1,1,0,1,1,4,1,345,0,0,2,0,3,2,1,0,1,0,0,0,0,0,0,1,0,1,0,0,1,2,0,1,2,5,2,1,0,0,2,1,0,6,1,2,10,1,0,1,4,1,2,0,0,0,1,0,0,1,1,2,0,1,0,3,0,0,0,0,0,0,0,1,0,0,0,1,2,43,16
위험물안전관리법,1,0,0,0,0,1,0,0,0,0,0,1,0,1,4,0,2,0,0,1,0,1,0,3,0,0,1,0,0,0,0,1,0,0,7,3,5,0,0,4,1,1,2,1,0,4,2,0,5,5,0,6,4,5,6,4,0,1,0,3,1,0,0,1,0,2,2,3,2,2,0,3,0,5,5,0,9,8,0,11,2,1,4,12,1,1,6,1,1,4,5,5,9,1,1,2,7,3,4,0,1,3,0,4,2,3,4,0,2,2,0,0,4,3,4,1,4,4,4,146,49
유사 수신행위의 규제에 관한법률,10,11,2,9,3,1,0,0,0,0,2,2,0,7,3,5,5,8,24,5,39,124,169,8,5,7,0,3,0,11,5,5,9,7,0,1,1,14,6,1,0,4,3,3,3,0,9,10,0,1,0,0,4,2,4,3,4,1,0,11,22,1,6,8,8,2,10,0,0,0,1,3,1,1,6,13,6,1,2,11,34,1,9,2,4,4,7,1,2,5,2,2,11,1,3,2,2,1,1,2,0,3,1,0,0,0,2,3,0,1,5,0,5,0,0,1,0,0,1,56,21
의료기기법,7,13,9,9,4,7,4,5,6,6,6,5,4,15,8,13,19,12,20,7,4,21,18,19,6,2,0,3,0,6,0,6,0,2,0,1,3,1,2,2,0,1,5,1,1,1,2,4,3,10,0,4,0,0,2,0,1,0,0,5,4,0,6,1,2,1,8,2,3,0,0,1,0,0,14,11,18,2,11,1,0,2,4,6,0,7,0,1,21,0,2,0,3,0,2,8,2,1,1,0,3,6,0,2,0,2,2,1,0,0,8,1,5,0,0,3,0,0,0,36,5
의료법,53,30,21,16,19,20,20,9,17,9,29,12,18,40,25,39,42,21,30,23,30,92,212,38,38,16,6,10,2,66,26,16,22,34,15,14,1,26,15,6,3,20,25,30,9,22,58,55,8,15,2,30,25,15,32,17,22,2,0,15,33,9,15,14,17,6,21,8,10,3,1,21,1,6,55,160,104,50,19,22,66,6,17,51,11,55,17,27,18,15,10,14,35,4,7,15,31,7,56,13,14,22,9,3,3,3,13,4,6,5,28,24,9,15,15,18,4,5,3,193,125
자동차관리법,255,146,136,130,151,178,172,137,109,124,102,170,174,299,181,319,99,194,162,109,214,502,278,241,157,132,45,47,61,232,124,140,103,331,160,89,184,104,82,136,64,82,155,148,58,177,138,248,118,181,36,434,204,145,207,113,93,4,22,45,189,55,80,191,50,60,83,91,58,78,33,130,58,76,421,362,189,404,172,309,368,60,171,337,99,343,231,53,162,89,136,128,285,62,90,128,240,63,318,73,44,206,119,49,28,71,114,97,23,39,243,153,205,142,114,83,48,27,28,2510,1215
자동차손해배상보장법,122,59,121,82,99,93,65,105,68,102,98,73,51,63,123,171,113,172,121,127,306,198,306,241,74,21,35,47,16,72,30,58,49,107,60,35,98,40,18,100,75,46,137,102,38,171,82,112,116,65,16,249,88,78,172,125,91,10,11,52,139,75,130,227,75,198,93,113,53,101,80,135,109,197,491,557,534,301,171,482,271,67,440,843,39,357,164,79,146,138,325,274,526,145,121,145,521,195,114,115,22,461,100,115,64,92,239,56,98,27,229,171,268,81,173,102,169,63,74,7252,3668
자본시장과금융투자업에관한법률,5,11,9,6,1,4,1,1,2,1,0,3,4,6,5,2,8,7,27,0,1,9,76,2,2,0,0,0,0,0,0,1,0,1,0,0,0,1,2,0,1,5,0,0,0,2,2,1,0,5,0,0,3,2,0,3,0,0,0,0,1,0,1,1,0,0,5,2,0,0,0,0,0,0,0,2,6,5,2,2,2,0,2,4,0,1,1,0,0,1,1,0,0,0,2,0,0,0,0,0,1,0,0,0,0,1,1,1,0,0,2,0,0,0,0,2,0,0,0,67,38
저작권법,44,157,76,64,76,75,32,59,80,53,73,63,60,132,89,111,269,627,75,34,118,120,351,163,61,44,19,29,17,51,28,69,23,115,68,49,23,33,36,29,14,18,58,18,33,57,50,74,17,28,9,112,86,59,136,86,42,9,1,40,35,25,38,76,31,31,73,83,35,25,16,68,32,25,161,173,224,78,118,144,227,141,73,128,84,175,108,20,76,42,36,82,88,42,74,48,108,14,109,24,52,82,23,130,14,19,55,48,11,5,94,95,156,63,49,25,10,17,13,1142,346
전자금융거래법,73,74,40,79,78,63,51,37,38,31,57,86,47,44,55,77,54,85,91,47,106,133,238,93,64,28,14,26,26,72,23,43,29,83,30,41,40,47,25,70,24,9,74,52,20,62,22,143,45,26,1,81,114,81,87,67,69,3,2,12,40,25,56,31,30,33,66,46,31,17,20,58,15,39,141,205,158,114,107,71,147,18,104,96,67,146,166,39,64,68,33,59,106,80,65,35,117,26,45,33,30,15,12,15,29,62,24,81,7,16,131,63,36,95,64,22,6,2,21,996,342
전파법,5,5,9,6,6,6,5,5,6,5,2,2,0,2,7,10,11,6,7,2,8,10,12,9,4,3,0,1,0,4,0,3,0,4,4,1,2,0,1,2,2,2,6,0,0,5,1,3,1,4,0,7,1,7,5,2,3,2,1,2,3,1,2,5,3,0,6,4,4,2,0,2,2,3,12,9,12,11,2,8,6,2,3,10,2,18,6,0,8,1,12,2,1,0,2,7,9,0,7,1,7,6,11,4,0,3,2,1,0,1,11,10,2,0,0,5,0,2,0,128,37
정보통신망이용촉진 및 정보보호 등에 관한법률,173,116,96,123,124,104,108,107,70,105,145,108,208,219,109,241,162,115,207,140,163,274,567,174,100,55,41,43,23,125,59,104,71,110,72,103,19,97,27,71,25,47,60,27,60,62,126,115,37,49,14,103,96,112,151,175,84,7,7,83,80,29,82,85,41,84,139,84,29,37,31,68,20,48,291,413,288,211,155,183,225,79,129,178,44,287,157,41,96,47,72,98,200,63,77,84,98,47,151,69,38,115,46,51,48,41,49,84,19,19,175,90,112,88,237,23,34,37,17,1886,538
조세범 처벌법,63,18,34,42,19,23,15,11,20,8,9,10,5,23,28,22,34,49,45,15,16,59,103,45,16,6,5,10,4,23,17,7,6,26,10,5,22,13,11,15,8,6,12,14,5,15,21,16,5,16,12,27,17,22,33,26,26,5,0,8,12,4,25,15,9,8,30,22,10,5,3,19,2,14,57,55,40,27,26,34,45,7,20,49,14,53,27,8,19,6,11,14,38,18,12,16,37,30,39,16,17,26,3,16,0,16,27,6,2,7,37,37,20,17,19,9,7,10,5,466,195
주민등록법,5,5,10,13,25,15,24,2,19,6,25,11,6,72,16,21,11,9,12,7,16,13,36,21,12,8,1,7,6,34,14,13,9,13,7,5,4,14,4,2,4,11,6,5,18,12,19,30,5,4,1,19,16,14,29,35,7,1,1,9,16,5,6,12,8,1,13,2,4,3,0,23,2,5,41,72,35,23,31,23,18,16,8,31,9,30,17,14,33,4,388,18,19,11,4,19,10,7,17,5,8,14,3,10,4,6,4,8,3,2,20,4,13,6,4,5,2,7,2,130,154
주차장법,2,5,12,2,47,1,2,7,8,1,6,1,2,2,0,27,0,0,2,0,0,0,0,0,3,0,0,0,0,0,2,0,3,1,1,0,0,0,0,0,0,0,0,1,0,1,0,3,0,1,0,0,2,4,0,0,0,0,0,0,0,0,0,3,1,0,2,10,0,0,0,1,0,0,1,1,3,4,0,0,0,1,0,6,0,1,13,0,0,3,1,0,0,1,1,0,0,0,0,9,0,0,0,0,0,0,0,0,0,0,0,0,1,0,0,0,0,1,0,14,13
주택법,0,0,1,15,4,3,2,1,0,0,1,1,1,1,0,3,0,1,1,4,3,4,38,20,14,0,3,0,0,17,20,2,2,3,0,3,9,2,1,0,0,0,0,0,0,0,6,4,0,0,0,1,0,2,2,1,5,0,0,6,3,1,4,2,2,0,1,3,0,2,1,5,3,2,2,123,4,4,3,3,3,1,0,1,0,11,2,0,8,0,2,4,7,0,0,0,9,0,3,0,2,37,0,2,0,0,2,3,0,0,15,0,3,1,1,1,1,0,3,82,7
직업안정법,1,3,1,1,3,1,1,2,6,0,2,1,1,0,1,3,3,1,1,2,5,0,7,19,1,1,0,1,0,3,3,1,3,3,3,5,0,0,2,0,0,8,1,2,5,4,1,3,1,2,0,2,0,0,1,0,0,0,0,0,0,0,5,0,0,0,2,0,3,0,1,5,0,1,21,3,5,1,0,12,2,5,4,5,2,1,24,11,3,1,4,4,6,3,2,3,8,2,2,2,2,2,0,0,0,0,2,1,2,0,0,2,2,4,1,6,0,0,3,62,28
집회 및 시위에 관한법률,30,16,1,1,0,0,0,2,2,1,3,0,2,0,1,0,0,0,33,2,2,3,5,2,0,0,0,0,0,0,2,0,1,0,0,0,0,2,0,0,0,3,1,0,2,0,1,0,0,3,1,0,0,0,6,0,0,0,0,0,0,0,1,1,0,0,3,1,0,0,0,1,0,1,3,3,0,1,1,2,0,0,0,0,0,4,0,0,0,0,0,0,1,2,0,0,2,0,1,0,0,5,0,0,0,0,0,3,2,0,0,1,2,0,1,3,0,0,0,6,13
청소년보호법,29,25,15,29,63,54,115,49,74,48,59,63,65,46,44,84,39,34,58,40,83,38,64,64,70,18,3,15,16,55,51,33,56,58,43,31,3,37,30,35,28,17,42,35,23,75,54,118,22,33,2,76,95,31,116,74,74,8,1,32,55,25,81,68,44,67,106,41,23,27,25,75,26,25,160,241,136,155,83,252,125,66,108,151,48,123,79,58,77,57,82,93,117,76,57,71,104,31,107,102,37,112,59,36,30,40,73,49,18,24,108,66,60,55,34,49,29,28,19,803,383
총포·도검·화약류등의 안전관리에 관한법률,23,6,2,2,1,16,3,3,1,4,1,4,6,1,1,1,3,2,1,0,4,3,6,3,0,0,6,0,0,0,0,0,2,0,0,0,24,1,0,0,1,1,1,0,0,1,1,7,1,8,0,3,0,2,1,2,0,2,0,0,0,1,1,6,0,1,3,1,0,0,0,2,2,0,2,5,0,0,3,4,2,1,3,2,1,5,11,0,4,4,1,3,0,2,2,3,3,1,2,1,1,1,7,7,0,2,0,0,0,3,4,0,2,2,1,0,2,2,1,31,40
최저임금법,7,11,6,12,6,5,1,3,3,4,9,4,3,15,11,5,13,11,16,1,4,15,33,6,3,1,2,3,3,10,4,4,1,12,6,11,5,5,5,3,8,14,6,0,3,2,9,5,8,6,1,5,3,2,9,10,3,0,0,1,6,1,2,7,4,2,5,1,1,3,1,9,6,5,9,3,8,9,9,4,18,0,12,20,8,13,14,10,9,3,2,16,9,3,1,8,3,5,3,2,1,9,3,3,2,7,5,5,0,1,1,0,4,3,2,3,6,2,0,101,32
축산물위생관리법,2,6,0,1,0,39,1,0,1,1,0,0,0,0,0,1,2,0,2,0,0,1,0,6,0,2,0,1,0,6,3,2,3,3,2,2,2,2,2,2,5,0,2,4,3,4,2,1,3,1,1,8,1,6,0,4,7,1,1,2,3,1,3,1,5,3,2,4,16,0,1,2,0,1,7,6,8,10,9,9,9,5,2,13,1,12,2,2,2,1,3,1,2,0,0,4,8,3,10,1,2,10,0,7,2,1,3,3,5,0,6,2,3,4,5,7,7,0,4,140,38
출입국관리법,17,5,25,5,7,10,9,3,4,2,10,7,0,25,14,20,13,10,13,4,17,19,32,32,4,9,0,4,1,7,4,3,2,6,9,0,6,1,3,3,5,6,12,5,2,5,4,13,16,36,0,23,13,19,23,15,8,1,1,0,13,1,4,26,3,2,9,9,2,0,2,25,5,15,37,33,27,14,31,20,55,7,15,65,7,54,81,10,23,11,11,11,52,8,9,5,70,51,45,10,4,29,5,8,4,11,20,5,4,8,46,61,38,29,24,7,10,3,23,585,259
통신비밀보호법,2,1,3,3,0,1,0,1,1,4,5,2,3,3,2,0,4,1,3,0,1,2,6,4,1,0,1,1,0,1,2,3,1,4,0,1,1,2,0,0,1,0,2,2,0,0,4,4,0,0,0,1,0,1,1,0,0,0,0,0,2,0,0,2,0,0,3,2,0,1,1,3,1,1,3,5,4,3,3,6,4,2,2,1,0,7,4,3,1,2,3,2,4,0,2,0,1,1,4,3,1,0,7,0,1,3,0,1,0,0,8,2,1,2,3,0,3,1,0,24,8
특가법(도주차량),4,3,23,10,13,17,10,9,19,8,22,11,9,29,7,18,15,17,22,3,8,27,48,12,8,19,1,5,1,4,5,9,0,3,0,23,4,0,4,22,7,0,24,31,27,44,39,64,3,11,1,66,6,19,65,27,15,2,0,3,9,11,46,20,3,3,29,5,32,23,6,26,21,18,64,96,61,63,19,39,47,17,18,71,11,48,14,21,13,6,18,10,52,12,4,30,95,13,28,21,10,14,6,17,6,11,35,9,25,11,48,16,29,6,12,11,34,26,1,276,161
특허법,6,6,4,0,2,2,0,0,1,0,0,2,0,6,1,4,1,1,1,2,2,7,8,4,2,1,0,0,1,0,1,2,0,1,2,1,1,1,0,2,3,0,3,1,0,2,0,0,3,1,0,3,2,1,3,3,1,0,0,0,2,0,0,1,0,0,2,0,1,0,1,1,0,1,8,5,5,0,1,2,3,0,0,3,0,6,1,0,1,1,3,2,1,0,0,1,0,1,1,0,1,1,1,0,0,0,0,0,0,0,0,2,3,0,0,1,0,1,0,31,5
폐기물관리법,0,0,0,1,0,0,0,1,0,1,0,0,0,1,0,3,1,2,2,5,0,3,0,1,1,0,0,1,0,1,0,1,0,0,4,0,21,1,0,8,7,0,1,3,0,1,0,4,14,5,0,38,1,1,3,7,5,1,0,0,7,0,2,0,0,2,1,2,8,1,2,9,3,22,6,4,13,11,4,20,101,5,28,25,4,26,15,3,2,35,12,20,40,5,1,3,38,23,64,8,3,30,2,6,4,4,8,3,2,12,29,26,54,18,16,4,4,10,6,497,313
풍속영업의 규제에 관한법률,2,2,1,0,5,1,0,0,3,0,0,0,4,1,0,1,7,1,14,1,4,0,1,6,1,2,0,2,1,3,0,0,0,0,1,0,0,0,0,1,0,0,2,2,1,3,0,3,0,0,0,0,1,0,0,1,8,0,0,2,1,0,0,0,0,3,1,1,0,0,0,0,0,0,9,1,0,0,2,1,6,0,1,5,0,6,3,1,3,0,1,0,0,0,0,0,0,1,0,1,0,0,0,0,0,0,2,0,0,0,0,0,2,0,0,10,0,0,0,7,0
하천법,0,0,0,0,1,0,1,0,0,0,0,0,0,1,0,0,3,0,1,0,0,0,0,0,0,0,0,0,0,1,0,0,0,0,0,0,2,0,0,0,0,0,0,0,0,0,0,0,0,0,0,0,0,0,0,0,1,0,0,0,0,0,0,2,3,0,0,0,1,1,0,0,0,1,0,0,1,1,0,2,0,0,0,1,0,3,2,0,0,0,0,0,0,0,9,1,2,4,10,0,0,9,0,0,14,1,0,0,1,5,2,0,1,6,0,0,0,1,1,40,83
학교보건법,0,0,0,0,0,0,0,0,0,0,0,0,2,0,0,0,0,0,0,0,0,0,0,0,0,0,0,0,0,0,0,0,0,0,0,0,0,0,0,0,0,0,0,0,0,0,0,0,0,0,0,0,0,0,0,1,0,0,0,0,0,0,0,0,0,0,0,0,0,0,0,0,0,0,0,0,0,0,0,0,0,0,0,0,0,0,0,0,0,0,0,0,0,0,0,0,0,0,0,0,0,0,0,0,0,0,0,0,0,0,0,0,0,0,0,0,0,0,0,0,0
학원의설립운영및과외교습에관한법률,7,2,2,3,10,4,2,1,2,2,8,0,2,5,3,0,2,2,1,8,8,7,21,10,6,0,1,0,0,5,2,7,3,16,2,2,3,3,4,0,3,2,2,2,2,3,6,4,2,1,1,8,0,6,5,1,2,0,1,1,2,2,0,4,1,2,12,7,0,0,2,2,0,2,30,23,10,0,17,8,7,1,4,29,0,13,7,0,0,1,0,3,2,0,0,0,0,4,3,0,7,6,3,0,1,1,0,2,1,1,22,9,0,2,3,0,0,0,0,34,4
화물자동차운수사업법,23,74,12,25,13,59,11,16,17,13,39,6,7,14,18,29,13,26,17,22,21,22,17,55,18,6,0,1,1,12,1,8,7,10,22,25,5,5,1,14,3,9,26,9,6,44,8,33,13,16,0,19,11,12,10,23,14,1,0,0,2,1,9,35,11,10,54,15,44,6,3,18,4,2,123,128,42,17,28,10,80,23,6,27,3,31,7,2,24,4,13,38,10,3,3,2,29,2,8,5,26,187,1,2,2,2,3,3,1,1,36,13,20,13,2,26,3,1,4,154,49
화재로 인한 재해보상과 보험가입에 관한법률,0,0,0,0,0,0,0,0,0,0,0,0,0,0,0,0,0,0,0,0,0,0,0,0,0,0,0,0,0,0,0,0,0,0,0,0,0,0,0,0,0,0,0,0,0,0,0,0,0,0,0,0,0,0,0,0,0,0,0,0,0,0,0,0,0,0,1,0,0,0,0,0,0,0,0,0,0,0,2,0,0,0,0,1,0,0,0,0,0,0,0,0,0,1,0,0,0,0,0,0,1,0,0,0,0,0,0,0,0,0,0,0,0,0,0,0,0,0,0,3,0
화재예방·소방시설설치유지 및 안전관리에 관한법률,0,2,1,1,1,1,0,0,0,0,0,2,1,1,0,0,0,0,1,1,0,2,1,0,1,0,0,0,0,1,1,0,0,2,1,0,0,1,0,0,0,3,3,0,1,5,0,1,3,2,0,6,1,2,1,2,3,0,0,2,2,0,0,0,5,3,3,1,1,1,1,4,0,0,6,1,10,6,4,7,4,0,2,11,0,2,5,2,4,3,1,1,9,0,0,3,2,1,15,1,5,4,1,2,2,0,2,0,0,3,0,0,5,3,2,1,18,0,3,123,37
화학물질관리법,2,2,4,4,0,3,2,3,2,2,2,3,1,0,4,10,5,2,7,0,5,7,30,2,0,1,2,1,0,0,0,0,0,1,5,2,2,8,1,5,2,0,0,0,0,1,1,6,1,0,0,13,4,7,4,2,0,0,0,1,2,1,5,1,1,4,0,1,0,0,1,3,2,6,6,11,15,1,7,4,10,2,1,41,1,1,1,2,6,1,7,5,5,3,3,2,3,2,8,1,1,1,0,2,1,1,2,0,3,1,2,8,1,3,0,0,3,0,2,69,30
기타 특별법,250,257,290,177,276,273,290,259,248,186,297,224,221,285,227,357,397,287,497,197,395,568,718,516,272,228,71,248,1118,372,196,284,113,209,812,126,596,132,166,389,114,197,222,169,131,286,247,524,105,1101,41,506,514,265,629,502,300,107,66,73,312,66,297,232,162,118,335,195,118,164,77,206,126,1264,712,849,648,531,456,722,537,203,676,817,138,851,1053,255,322,224,353,267,797,2168,265,357,643,217,273,173,109,472,196,163,100,146,252,805,89,72,433,506,266,145,190,117,140,117,146,6898,5695
